['womenintech'],RT @the_wonderco: Work on a new page on The Wonder Website - FREE downloadable material - https://t.co/qpIdx3VC4G #womenintech #Freedownloa‚Ä¶,SmithVaino,"Atlanta, GA ü¶π‚Äç‚ôÇÔ∏èüßú‚Äç‚ôÇÔ∏è‚òª"
"['Marijuana', 'Hemp', 'Tech', 'Audit', 'Compliance', 'Invest', 'Texas', 'TX', 'DFW', 'SmallBusiness', 'Farmer']","To all the moms!¬†
üåª
¬†#Marijuana #Hemp #Tech #Audit #Compliance #Invest #Texas #TX #DFW¬†#SmallBusiness #Farmer‚Ä¶ https://t.co/8G7xsir1bC",StatusDro,
[],AEQUEEN Women Handbags Female Black Shell Shoulder Bag Small PU Leather Messenger Bags With Deer Ladies Purses Bols‚Ä¶ https://t.co/ai9evc6Wvk,SnappyTrendz,
['WomenInTech'],Be an active part. #WomenInTech,elaineGOODman,Los Angeles
['WomenInTech'],RT @elaineGOODman: Be an active part. #WomenInTech https://t.co/nEeTS071JC,femtech_,"Berlin, Deutschland"
"['win', 'cycling', 'MothersDay']",RT @OdloUs: For the chance to #win this awesome Odlo #cycling top for #MothersDay send us a pic of your mom and her bike. We'll pick a winn‚Ä¶,EdieQ,VENEZUELA
[],"We need more women in Congress to fight for our reproductive freedom, equal pay, and so much more. We can‚Äôt afford‚Ä¶ https://t.co/VOfSgWGF2W",GentiGragjevi,"Toronto, Ontario"
[],@girlsreallyrule we were lucky enough as young women in the 70s to stumble into tech jobs. loved that show. https://t.co/yJLbLQDjUx,LibDem4ever,"Virginia, USA"
[],@aMuslim_guy @asmauddinesq Homosexuals and their women are very upset about the 4 wives. They are prejudiced to onl‚Ä¶ https://t.co/CpiVCLgYJc,AbuWudu,
[],"Portuguese Women in Tech - Mentorship Program üöÄ

How cool it is to see the feedback from our mentees! We're one mon‚Ä¶ https://t.co/6d22VZORoo",PWITech,
[],"RT @PWITech: Portuguese Women in Tech - Mentorship Program üöÄ

How cool it is to see the feedback from our mentees! We're one month into the‚Ä¶",femtech_,"Berlin, Deutschland"
['womenintech'],RT @the_wonderco: Work on a new page on The Wonder Website - FREE downloadable material - https://t.co/qpIdx3VC4G #womenintech #Freedownloa‚Ä¶,LongusSecurity,"Enugu, Nigeria."
[],"RT @devclustergoa: Dev Cluster presents ApplaudHer -- An event in appreciation of women technovators changing the world of tech, one code a‚Ä¶",whiplash_07,India
[],"RT @devclustergoa: Dev Cluster presents ApplaudHer -- An event in appreciation of women technovators changing the world of tech, one code a‚Ä¶",whiplash_07,India
[],@TWiT @apollozac @9to5mac @drewharwell @washingtonpost @jasonhowell @mikahsargent Here's your daily reminder that t‚Ä¶ https://t.co/4s07IvC2dB,lls380142,Boycott-TWiT.com
[],@TWiT @apollozac @9to5mac @drewharwell @washingtonpost @jasonhowell @mikahsargent Here's your daily reminder that t‚Ä¶ https://t.co/4s07IvC2dB,lls380142,Boycott-TWiT.com
[],@PratPanc We WILL learn from you. Our women will drive scooters! We will open tech companies and we will have amazi‚Ä¶ https://t.co/wB1GsI0CUe,shahidb,"Lahore, Pakistan"
[],@PratPanc We WILL learn from you. Our women will drive scooters! We will open tech companies and we will have amazi‚Ä¶ https://t.co/wB1GsI0CUe,shahidb,"Lahore, Pakistan"
[],@TWiT @gigastacey @leolaporte @jeffjarvis Here's your daily reminder that the TOXIC Leo Laporte has been outed as a‚Ä¶ https://t.co/TjdC6JgGOO,lls380142,Boycott-TWiT.com
[],@TWiT @gigastacey @leolaporte @jeffjarvis Here's your daily reminder that the TOXIC Leo Laporte has been outed as a‚Ä¶ https://t.co/TjdC6JgGOO,lls380142,Boycott-TWiT.com
[],"@TWiT @bribriggs Here's your daily reminder that the TOXIC Leo Laporte has been outed as a notorious, crooked, perv‚Ä¶ https://t.co/0eZ6bhq0lz",lls380142,Boycott-TWiT.com
[],"@TWiT @bribriggs Here's your daily reminder that the TOXIC Leo Laporte has been outed as a notorious, crooked, perv‚Ä¶ https://t.co/0eZ6bhq0lz",lls380142,Boycott-TWiT.com
"['technology', 'tech']",üíé Wolf Short-Sleeve T-Shirt for men and women (Fast Shipping from USA) üíé https://t.co/Yxtk1BPlpx  #technology #tech‚Ä¶ https://t.co/gWjWWsKGLR,TechzCheap,NZ and USA
"['technology', 'tech']",üíé Wolf Short-Sleeve T-Shirt for men and women (Fast Shipping from USA) üíé https://t.co/Yxtk1BPlpx  #technology #tech‚Ä¶ https://t.co/gWjWWsKGLR,TechzCheap,NZ and USA
[],@adaishereonline (Just mentioning bc I‚Äôm not at all surprised that women don‚Äôt have a clue. Actual ‚Äúradical‚Äù change‚Ä¶ https://t.co/Kp2DB2X9Mz,Dona_Colacho,"New York, USA"
[],@adaishereonline (Just mentioning bc I‚Äôm not at all surprised that women don‚Äôt have a clue. Actual ‚Äúradical‚Äù change‚Ä¶ https://t.co/Kp2DB2X9Mz,Dona_Colacho,"New York, USA"
[],office ladies plus size 5XL work wear coat women blazer black yellow red brown winter elegant formal long sleeve sl‚Ä¶ https://t.co/bSdeuXoadk,STillyoudrop,Worldwide!
[],office ladies plus size 5XL work wear coat women blazer black yellow red brown winter elegant formal long sleeve sl‚Ä¶ https://t.co/bSdeuXoadk,STillyoudrop,Worldwide!
"['100kchallenge', 'womenintech', 'womenwhocode']",‚ö°Ô∏èJoin the #100kchallenge‚ö°Ô∏è Unite 100 000 women in tech to discuss things that matter! #womenintech #womenwhocode‚Ä¶ https://t.co/j4JgMAA39b,shruti_sherekar,
"['100kchallenge', 'womenintech', 'womenwhocode']",‚ö°Ô∏èJoin the #100kchallenge‚ö°Ô∏è Unite 100 000 women in tech to discuss things that matter! #womenintech #womenwhocode‚Ä¶ https://t.co/j4JgMAA39b,shruti_sherekar,
"['100kchallenge', 'womenintech', 'womenwhocode']",RT @shruti_sherekar: ‚ö°Ô∏èJoin the #100kchallenge‚ö°Ô∏è Unite 100 000 women in tech to discuss things that matter! #womenintech #womenwhocode #gir‚Ä¶,WomenCodersBot,"Houston, TX"
"['100kchallenge', 'womenintech', 'womenwhocode']",RT @shruti_sherekar: ‚ö°Ô∏èJoin the #100kchallenge‚ö°Ô∏è Unite 100 000 women in tech to discuss things that matter! #womenintech #womenwhocode #gir‚Ä¶,WomenCodersBot,"Houston, TX"
"['100kchallenge', 'womenintech', 'womenwhocode']",RT @shruti_sherekar: ‚ö°Ô∏èJoin the #100kchallenge‚ö°Ô∏è Unite 100 000 women in tech to discuss things that matter! #womenintech #womenwhocode #gir‚Ä¶,femtech_,"Berlin, Deutschland"
"['100kchallenge', 'womenintech', 'womenwhocode']",RT @shruti_sherekar: ‚ö°Ô∏èJoin the #100kchallenge‚ö°Ô∏è Unite 100 000 women in tech to discuss things that matter! #womenintech #womenwhocode #gir‚Ä¶,femtech_,"Berlin, Deutschland"
[],Looking for orgs - ICT4D for indigenous women in LATAM doing good stuff - finding a lot from lit reviews from 2003-‚Ä¶ https://t.co/O4r3kKcoLd,ReviSterling,"Washington, DC"
[],Looking for orgs - ICT4D for indigenous women in LATAM doing good stuff - finding a lot from lit reviews from 2003-‚Ä¶ https://t.co/O4r3kKcoLd,ReviSterling,"Washington, DC"
['GlobalAmbassador'],"It is truly an Honour to Join @WomenTechNet as a #GlobalAmbassador!

This is why I would like to invite you to join‚Ä¶ https://t.co/yq8dG46d6O",ManalBidar,"Agadir, Morocco"
['GlobalAmbassador'],"It is truly an Honour to Join @WomenTechNet as a #GlobalAmbassador!

This is why I would like to invite you to join‚Ä¶ https://t.co/yq8dG46d6O",ManalBidar,"Agadir, Morocco"
['GlobalAmbassador'],"RT @ManalBidar: It is truly an Honour to Join @WomenTechNet as a #GlobalAmbassador!

This is why I would like to invite you to join the @Wo‚Ä¶",chinazo_mbaonu,"Abuja, Nigeria"
['GlobalAmbassador'],"RT @ManalBidar: It is truly an Honour to Join @WomenTechNet as a #GlobalAmbassador!

This is why I would like to invite you to join the @Wo‚Ä¶",chinazo_mbaonu,"Abuja, Nigeria"
